-- phpMyAdmin SQL Dump
-- version 5.0.4
-- https://www.phpmyadmin.net/
--
-- Host: db
-- Generation Time: May 13, 2021 at 04:41 PM
-- Server version: 10.3.28-MariaDB-1:10.3.28+maria~focal-log
-- PHP Version: 7.4.14

SET SQL_MODE = "NO_AUTO_VALUE_ON_ZERO";
START TRANSACTION;
SET time_zone = "+00:00";


/*!40101 SET @OLD_CHARACTER_SET_CLIENT=@@CHARACTER_SET_CLIENT */;
/*!40101 SET @OLD_CHARACTER_SET_RESULTS=@@CHARACTER_SET_RESULTS */;
/*!40101 SET @OLD_COLLATION_CONNECTION=@@COLLATION_CONNECTION */;
/*!40101 SET NAMES utf8mb4 */;

--
-- Database: `db2`
--

--
-- Dumping data for table `ContentTypes`
--

INSERT INTO `ContentTypes` (`ContentTypeID`, `Type`, `Highlighting`, `Name`, `Description`, `Handle`, `Fields`, `ChildrenAllowed`, `Slide`) VALUES
(0, 1, 0, 'Content', 'Inhalt', 'content', '[]', 0, 0);

--
-- Dumping data for table `DistributionSettings`
--

INSERT INTO `DistributionSettings` (`SettingsID`, `ImagePath`, `EnablePageCache`) VALUES
(1, '', 0);

--
-- Dumping data for table `Languages`
--

INSERT INTO `Languages` (`LanguageID`, `Slug`, `Name`, `Short`, `Default`, `Mode`) VALUES
(0, '', '', '', 0, 0),
(1, '', 'Deutsch', 'DE', 0, 0),
(2, '/it', 'Italiano', 'IT', 0, 0),
(3, '/en', 'English', 'EN', 0, 0);

--
-- Dumping data for table `SiteConfiguration`
--

INSERT INTO `SiteConfiguration` (`SiteConfigurationID`, `Name`, `Public`, `Theme`, `CacheActive`, `RequiresAuth`, `DebuggerStaging`, `DebuggerDev`) VALUES
(1, 'Production', 1, 0, 1, 0, 0, 0),
(2, 'Staging', 0, 1, 0, 0, 1, 0),
(3, 'Development', 0, 2, 0, 1, 1, 1);

INSERT INTO `Sites` (`SiteID`, `SiteKey`, `Name`, `Mirrors`, `SiteConfiguration`) VALUES
(1, '000001', 'Liveweb', 0, 1),
(2, 'LKDFG01', 'Staging', 1, 2),
(3, 'HSLSJF1K', 'Development', 1, 3);


--
-- Dumping data for table `pages`
--

INSERT INTO `Pages` (`SiteID`, `PageID`, `PageKey`, `ParentID`, `TemplateID`, `Restriction`, `Root`, `AutoGenerated`, `IsFaked`) VALUES
(3, 1, '3ae6d2a002', 0, 1, 0, 1, 0, 0);

--
-- Dumping data for table `PagesData`
--

INSERT INTO `PagesData` (`PageDataID`, `PageID`, `Description`, `LanguageID`, `PageTitle`, `Enabled`, `ShowInNavigation`, `RedirectToPageID`, `InheritMeta`, `InheritHeaderHTML`, `InheritStructuredData`, `VisibleInSitemap`, `StructuredData`, `Slug`, `HeaderHTML`) VALUES
(1, 1, '', 1, 'Home', 1, 1, 0, 0, 0, 0, 0, '', '/', ''),
(2, 1, '', 2, 'Home', 1, 1, 0, 0, 0, 1, 0, '', '/', ''),
(3, 1, '', 3, 'Home', 1, 1, 0, 0, 0, 0, 0, '', '/', '');


--
-- Dumping data for table `Sites`
--

--
-- Dumping data for table `Templates`
--

INSERT INTO `Templates` (`TemplateID`, `Handle`, `Description`) VALUES
(1, 'default', '');

--
-- Dumping data for table `TemplatesSection`
--

INSERT INTO `TemplatesSection` (`TemplateID`, `SectionID`) VALUES
(1, 8);
COMMIT;

--
-- Dumping data for table `CacheSlugs`
--

INSERT INTO `CacheSlugs` (`Slug`, `LanguageID`, `PageID`, `PageKey`, `SiteID`, `Enabled`) VALUES
('/', 1, 1, '3ae6d2a002', 3, 1),
('/en', 3, 1, '3ae6d2a002', 3, 1),
('/it', 2, 1, '3ae6d2a002', 3, 1);

--
-- Dumping data for table `Constants`
--

INSERT INTO `Constants` (`ConstantID`, `Highlighted`, `LanguageID`, `Key`, `Value`) VALUES
(1, 0, 1, 'learn_more', 'Mehr erfahren'),
(2, 0, 3, 'learn_more', 'Learn more'),
(3, 0, 2, 'learn_more', 'Impara di piú'),
(15, 1, 1, 'globalPageTitle', '');

--
-- Dumping data for table `Content`
--

INSERT INTO `Content` (`ContentID`, `PageID`, `ParentContentID`, `ContentTypeID`, `LanguageID`, `Slides`, `Index`, `Content`, `Hidden`, `Translates`, `IsFaked`) VALUES
(320, 1, 0, 0, 0, 0, 0, '[]', 0, 0, 0);

--
-- Dumping data for table `Images`
--

INSERT INTO `Images` (`ImageID`, `FileName`, `Title`, `Description`, `Uploader`, `FileSize`, `Created`, `KeepFileType`, `Height`, `Width`) VALUES
('8C4CKYZZPL', '8C4CKYZZPL.jpg', '8C4CKYZZPL.jpg', '8C4CKYZZPL', 1, 1839700, '2021-03-05 22:20:01', 0, 0, 0);


/*!40101 SET CHARACTER_SET_CLIENT=@OLD_CHARACTER_SET_CLIENT */;
/*!40101 SET CHARACTER_SET_RESULTS=@OLD_CHARACTER_SET_RESULTS */;
/*!40101 SET COLLATION_CONNECTION=@OLD_COLLATION_CONNECTION */;